id,window_id,computed_at,window_start_id,window_end_id,n_records,metric,feature,value,warn_threshold,alert_threshold,status
7,1,2026-08-28T07:08:31.539+00:00,1,2000,2000,csi,AGE_YEARS,0.005958837112246689,0.1,0.25,ok
14,1,2026-08-28T07:08:31.539+00:00,1,2000,2000,csi,AMT_CREDIT,0.0014769283342661661,0.1,0.25,ok
13,1,2026-08-28T07:08:31.539+00:00,1,2000,2000,csi,CREDIT_TERM,0.002932595243369775,0.1,0.25,ok
6,1,2026-08-28T07:08:31.539+00:00,1,2000,2000,csi,EMPLOYED_YEARS,0.00972967453231073,0.1,0.25,ok
5,1,2026-08-28T07:08:31.539+00:00,1,2000,2000,csi,EXT_SOURCE_1,0.008510516266166335,0.1,0.25,ok
4,1,2026-08-28T07:08:31.539+00:00,1,2000,2000,csi,EXT_SOURCE_2,0.009716192913773498,0.1,0.25,ok
3,1,2026-08-28T07:08:31.539+00:00,1,2000,2000,csi,EXT_SOURCE_3,0.006280721427125038,0.1,0.25,ok
8,1,2026-08-28T07:08:31.539+00:00,1,2000,2000,csi,GOODS_CREDIT_RATIO,0.0019137053450022372,0.1,0.25,ok
12,1,2026-08-28T07:08:31.539+00:00,1,2000,2000,csi,ID_PUBLISH_YEARS,0.004215862520003281,0.1,0.25,ok
10,1,2026-08-28T07:08:31.539+00:00,1,2000,2000,csi,NAME_EDUCATION_TYPE,0.0014422480162331497,0.1,0.25,ok
16,1,2026-08-28T07:08:31.539+00:00,1,2000,2000,csi,NAME_FAMILY_STATUS,0.0013425067542000234,0.1,0.25,ok
9,1,2026-08-28T07:08:31.539+00:00,1,2000,2000,csi,NAME_INCOME_TYPE,7.838849957273861e-05,0.1,0.25,ok
11,1,2026-08-28T07:08:31.539+00:00,1,2000,2000,csi,PHONE_CHANGE_YEARS,0.007404448402982858,0.1,0.25,ok
15,1,2026-08-28T07:08:31.539+00:00,1,2000,2000,csi,REGION_POPULATION_RELATIVE,0.0009659773167075704,0.1,0.25,ok
2,1,2026-08-28T07:08:31.539+00:00,1,2000,2000,psi_band,band,0.0003113006546725052,0.1,0.25,ok
1,1,2026-08-28T07:08:31.539+00:00,1,2000,2000,psi_score,score,0.006155810005378699,0.1,0.25,ok
23,2,2026-08-28T07:08:31.559+00:00,2001,4000,2000,csi,AGE_YEARS,0.005623912261534004,0.1,0.25,ok
30,2,2026-08-28T07:08:31.559+00:00,2001,4000,2000,csi,AMT_CREDIT,0.0007975873365857932,0.1,0.25,ok
29,2,2026-08-28T07:08:31.559+00:00,2001,4000,2000,csi,CREDIT_TERM,0.0023745357326034186,0.1,0.25,ok
22,2,2026-08-28T07:08:31.559+00:00,2001,4000,2000,csi,EMPLOYED_YEARS,0.0057950032191135545,0.1,0.25,ok
21,2,2026-08-28T07:08:31.559+00:00,2001,4000,2000,csi,EXT_SOURCE_1,0.005607128604363561,0.1,0.25,ok
20,2,2026-08-28T07:08:31.559+00:00,2001,4000,2000,csi,EXT_SOURCE_2,0.015539823997409222,0.1,0.25,ok
19,2,2026-08-28T07:08:31.559+00:00,2001,4000,2000,csi,EXT_SOURCE_3,0.0053284278099433955,0.1,0.25,ok
24,2,2026-08-28T07:08:31.559+00:00,2001,4000,2000,csi,GOODS_CREDIT_RATIO,0.0015805454469343967,0.1,0.25,ok
28,2,2026-08-28T07:08:31.559+00:00,2001,4000,2000,csi,ID_PUBLISH_YEARS,0.007465370394048043,0.1,0.25,ok
26,2,2026-08-28T07:08:31.559+00:00,2001,4000,2000,csi,NAME_EDUCATION_TYPE,0.0004936625129670494,0.1,0.25,ok
32,2,2026-08-28T07:08:31.559+00:00,2001,4000,2000,csi,NAME_FAMILY_STATUS,0.0010956510751985269,0.1,0.25,ok
25,2,2026-08-28T07:08:31.559+00:00,2001,4000,2000,csi,NAME_INCOME_TYPE,0.00045867451717295936,0.1,0.25,ok
27,2,2026-08-28T07:08:31.559+00:00,2001,4000,2000,csi,PHONE_CHANGE_YEARS,0.005067600270262603,0.1,0.25,ok
31,2,2026-08-28T07:08:31.559+00:00,2001,4000,2000,csi,REGION_POPULATION_RELATIVE,0.0023548422736751544,0.1,0.25,ok
18,2,2026-08-28T07:08:31.559+00:00,2001,4000,2000,psi_band,band,0.00013581211945183104,0.1,0.25,ok
17,2,2026-08-28T07:08:31.559+00:00,2001,4000,2000,psi_score,score,0.0017005167934996946,0.1,0.25,ok
39,3,2026-08-28T07:08:31.580+00:00,4001,6000,2000,csi,AGE_YEARS,0.013357605601759338,0.1,0.25,ok
46,3,2026-08-28T07:08:31.580+00:00,4001,6000,2000,csi,AMT_CREDIT,0.0003814537064977926,0.1,0.25,ok
45,3,2026-08-28T07:08:31.580+00:00,4001,6000,2000,csi,CREDIT_TERM,0.0026582883370807305,0.1,0.25,ok
38,3,2026-08-28T07:08:31.580+00:00,4001,6000,2000,csi,EMPLOYED_YEARS,0.006006896889906157,0.1,0.25,ok
37,3,2026-08-28T07:08:31.580+00:00,4001,6000,2000,csi,EXT_SOURCE_1,0.001858505136112316,0.1,0.25,ok
36,3,2026-08-28T07:08:31.580+00:00,4001,6000,2000,csi,EXT_SOURCE_2,0.01148067270757703,0.1,0.25,ok
35,3,2026-08-28T07:08:31.580+00:00,4001,6000,2000,csi,EXT_SOURCE_3,0.013285273153063083,0.1,0.25,ok
40,3,2026-08-28T07:08:31.580+00:00,4001,6000,2000,csi,GOODS_CREDIT_RATIO,0.001294801321220103,0.1,0.25,ok
44,3,2026-08-28T07:08:31.580+00:00,4001,6000,2000,csi,ID_PUBLISH_YEARS,0.006448614174783464,0.1,0.25,ok
42,3,2026-08-28T07:08:31.580+00:00,4001,6000,2000,csi,NAME_EDUCATION_TYPE,0.005894694063893263,0.1,0.25,ok
48,3,2026-08-28T07:08:31.580+00:00,4001,6000,2000,csi,NAME_FAMILY_STATUS,0.0019603409616282975,0.1,0.25,ok
41,3,2026-08-28T07:08:31.580+00:00,4001,6000,2000,csi,NAME_INCOME_TYPE,0.0036987937533593754,0.1,0.25,ok
43,3,2026-08-28T07:08:31.580+00:00,4001,6000,2000,csi,PHONE_CHANGE_YEARS,0.004905848830706728,0.1,0.25,ok
47,3,2026-08-28T07:08:31.580+00:00,4001,6000,2000,csi,REGION_POPULATION_RELATIVE,0.000732960209691018,0.1,0.25,ok
34,3,2026-08-28T07:08:31.580+00:00,4001,6000,2000,psi_band,band,0.0007725777365333988,0.1,0.25,ok
33,3,2026-08-28T07:08:31.580+00:00,4001,6000,2000,psi_score,score,0.007673912232984133,0.1,0.25,ok
55,4,2026-08-28T07:08:31.599+00:00,6001,8000,2000,csi,AGE_YEARS,0.009716401497882207,0.1,0.25,ok
62,4,2026-08-28T07:08:31.599+00:00,6001,8000,2000,csi,AMT_CREDIT,0.006282739604312152,0.1,0.25,ok
61,4,2026-08-28T07:08:31.599+00:00,6001,8000,2000,csi,CREDIT_TERM,0.0004922300841788644,0.1,0.25,ok
54,4,2026-08-28T07:08:31.599+00:00,6001,8000,2000,csi,EMPLOYED_YEARS,0.008562314949174601,0.1,0.25,ok
53,4,2026-08-28T07:08:31.599+00:00,6001,8000,2000,csi,EXT_SOURCE_1,0.00477914808539714,0.1,0.25,ok
52,4,2026-08-28T07:08:31.599+00:00,6001,8000,2000,csi,EXT_SOURCE_2,0.013933341351755398,0.1,0.25,ok
51,4,2026-08-28T07:08:31.599+00:00,6001,8000,2000,csi,EXT_SOURCE_3,0.008050863812556493,0.1,0.25,ok
56,4,2026-08-28T07:08:31.599+00:00,6001,8000,2000,csi,GOODS_CREDIT_RATIO,0.0024862892883637058,0.1,0.25,ok
60,4,2026-08-28T07:08:31.599+00:00,6001,8000,2000,csi,ID_PUBLISH_YEARS,0.004679495214870663,0.1,0.25,ok
58,4,2026-08-28T07:08:31.599+00:00,6001,8000,2000,csi,NAME_EDUCATION_TYPE,0.0015146980686033054,0.1,0.25,ok
64,4,2026-08-28T07:08:31.599+00:00,6001,8000,2000,csi,NAME_FAMILY_STATUS,0.0014896338505147552,0.1,0.25,ok
57,4,2026-08-28T07:08:31.599+00:00,6001,8000,2000,csi,NAME_INCOME_TYPE,0.0034668657526847474,0.1,0.25,ok
59,4,2026-08-28T07:08:31.599+00:00,6001,8000,2000,csi,PHONE_CHANGE_YEARS,0.004359969172854738,0.1,0.25,ok
63,4,2026-08-28T07:08:31.599+00:00,6001,8000,2000,csi,REGION_POPULATION_RELATIVE,0.0013011339278564127,0.1,0.25,ok
50,4,2026-08-28T07:08:31.599+00:00,6001,8000,2000,psi_band,band,0.0018677487605693345,0.1,0.25,ok
49,4,2026-08-28T07:08:31.599+00:00,6001,8000,2000,psi_score,score,0.005978984023101354,0.1,0.25,ok
71,5,2026-08-28T07:08:31.617+00:00,8001,10000,2000,csi,AGE_YEARS,0.008002449617447007,0.1,0.25,ok
78,5,2026-08-28T07:08:31.617+00:00,8001,10000,2000,csi,AMT_CREDIT,0.0016862844062319417,0.1,0.25,ok
77,5,2026-08-28T07:08:31.617+00:00,8001,10000,2000,csi,CREDIT_TERM,0.000529172866189561,0.1,0.25,ok
70,5,2026-08-28T07:08:31.617+00:00,8001,10000,2000,csi,EMPLOYED_YEARS,0.006901096304193084,0.1,0.25,ok
69,5,2026-08-28T07:08:31.617+00:00,8001,10000,2000,csi,EXT_SOURCE_1,0.004574188512014365,0.1,0.25,ok
68,5,2026-08-28T07:08:31.617+00:00,8001,10000,2000,csi,EXT_SOURCE_2,0.008400647883807556,0.1,0.25,ok
67,5,2026-08-28T07:08:31.617+00:00,8001,10000,2000,csi,EXT_SOURCE_3,0.012217776972435515,0.1,0.25,ok
72,5,2026-08-28T07:08:31.617+00:00,8001,10000,2000,csi,GOODS_CREDIT_RATIO,0.0008853741854765933,0.1,0.25,ok
76,5,2026-08-28T07:08:31.617+00:00,8001,10000,2000,csi,ID_PUBLISH_YEARS,0.007450166262802987,0.1,0.25,ok
74,5,2026-08-28T07:08:31.617+00:00,8001,10000,2000,csi,NAME_EDUCATION_TYPE,0.002322512022967771,0.1,0.25,ok
80,5,2026-08-28T07:08:31.617+00:00,8001,10000,2000,csi,NAME_FAMILY_STATUS,0.00271479384284557,0.1,0.25,ok
73,5,2026-08-28T07:08:31.617+00:00,8001,10000,2000,csi,NAME_INCOME_TYPE,0.002600806385510924,0.1,0.25,ok
75,5,2026-08-28T07:08:31.617+00:00,8001,10000,2000,csi,PHONE_CHANGE_YEARS,0.005798313732374069,0.1,0.25,ok
79,5,2026-08-28T07:08:31.617+00:00,8001,10000,2000,csi,REGION_POPULATION_RELATIVE,0.005148992319160061,0.1,0.25,ok
66,5,2026-08-28T07:08:31.617+00:00,8001,10000,2000,psi_band,band,0.0002790460174076638,0.1,0.25,ok
65,5,2026-08-28T07:08:31.617+00:00,8001,10000,2000,psi_score,score,0.005189947945205335,0.1,0.25,ok
87,6,2026-08-28T07:08:31.637+00:00,10001,12000,2000,csi,AGE_YEARS,0.00435831138866368,0.1,0.25,ok
94,6,2026-08-28T07:08:31.637+00:00,10001,12000,2000,csi,AMT_CREDIT,0.0003746783664704039,0.1,0.25,ok
93,6,2026-08-28T07:08:31.637+00:00,10001,12000,2000,csi,CREDIT_TERM,0.0029085894800627973,0.1,0.25,ok
86,6,2026-08-28T07:08:31.637+00:00,10001,12000,2000,csi,EMPLOYED_YEARS,0.008270198008240118,0.1,0.25,ok
85,6,2026-08-28T07:08:31.637+00:00,10001,12000,2000,csi,EXT_SOURCE_1,0.002728248980704245,0.1,0.25,ok
84,6,2026-08-28T07:08:31.637+00:00,10001,12000,2000,csi,EXT_SOURCE_2,0.009071166944589286,0.1,0.25,ok
83,6,2026-08-28T07:08:31.637+00:00,10001,12000,2000,csi,EXT_SOURCE_3,0.008087277368490372,0.1,0.25,ok
88,6,2026-08-28T07:08:31.637+00:00,10001,12000,2000,csi,GOODS_CREDIT_RATIO,0.002829973869242214,0.1,0.25,ok
92,6,2026-08-28T07:08:31.637+00:00,10001,12000,2000,csi,ID_PUBLISH_YEARS,0.008132282460067811,0.1,0.25,ok
90,6,2026-08-28T07:08:31.637+00:00,10001,12000,2000,csi,NAME_EDUCATION_TYPE,0.0024657951397308916,0.1,0.25,ok
96,6,2026-08-28T07:08:31.637+00:00,10001,12000,2000,csi,NAME_FAMILY_STATUS,0.0007190469832380724,0.1,0.25,ok
89,6,2026-08-28T07:08:31.637+00:00,10001,12000,2000,csi,NAME_INCOME_TYPE,0.0011514006296807517,0.1,0.25,ok
91,6,2026-08-28T07:08:31.637+00:00,10001,12000,2000,csi,PHONE_CHANGE_YEARS,0.007018179010298258,0.1,0.25,ok
95,6,2026-08-28T07:08:31.637+00:00,10001,12000,2000,csi,REGION_POPULATION_RELATIVE,0.005086141028639676,0.1,0.25,ok
82,6,2026-08-28T07:08:31.637+00:00,10001,12000,2000,psi_band,band,0.0011092481720927944,0.1,0.25,ok
81,6,2026-08-28T07:08:31.637+00:00,10001,12000,2000,psi_score,score,0.0024861230101514906,0.1,0.25,ok
103,7,2026-08-28T07:08:31.655+00:00,12001,14000,2000,csi,AGE_YEARS,0.008362004837869605,0.1,0.25,ok
110,7,2026-08-28T07:08:31.655+00:00,12001,14000,2000,csi,AMT_CREDIT,0.0015012187812716276,0.1,0.25,ok
109,7,2026-08-28T07:08:31.655+00:00,12001,14000,2000,csi,CREDIT_TERM,0.0016975544257925128,0.1,0.25,ok
102,7,2026-08-28T07:08:31.655+00:00,12001,14000,2000,csi,EMPLOYED_YEARS,0.01592542356211372,0.1,0.25,ok
101,7,2026-08-28T07:08:31.655+00:00,12001,14000,2000,csi,EXT_SOURCE_1,0.0054816240464343625,0.1,0.25,ok
100,7,2026-08-28T07:08:31.655+00:00,12001,14000,2000,csi,EXT_SOURCE_2,0.01453747958578613,0.1,0.25,ok
99,7,2026-08-28T07:08:31.655+00:00,12001,14000,2000,csi,EXT_SOURCE_3,0.007809658814391487,0.1,0.25,ok
104,7,2026-08-28T07:08:31.655+00:00,12001,14000,2000,csi,GOODS_CREDIT_RATIO,0.005732532904186209,0.1,0.25,ok
108,7,2026-08-28T07:08:31.655+00:00,12001,14000,2000,csi,ID_PUBLISH_YEARS,0.005950038665708456,0.1,0.25,ok
106,7,2026-08-28T07:08:31.655+00:00,12001,14000,2000,csi,NAME_EDUCATION_TYPE,0.001904905845387304,0.1,0.25,ok
112,7,2026-08-28T07:08:31.655+00:00,12001,14000,2000,csi,NAME_FAMILY_STATUS,0.0014295144420562913,0.1,0.25,ok
105,7,2026-08-28T07:08:31.655+00:00,12001,14000,2000,csi,NAME_INCOME_TYPE,0.002216250149944264,0.1,0.25,ok
107,7,2026-08-28T07:08:31.655+00:00,12001,14000,2000,csi,PHONE_CHANGE_YEARS,0.003000157426282533,0.1,0.25,ok
111,7,2026-08-28T07:08:31.655+00:00,12001,14000,2000,csi,REGION_POPULATION_RELATIVE,0.0024747479045723365,0.1,0.25,ok
98,7,2026-08-28T07:08:31.655+00:00,12001,14000,2000,psi_band,band,0.000960403953092698,0.1,0.25,ok
97,7,2026-08-28T07:08:31.655+00:00,12001,14000,2000,psi_score,score,0.004267836374929294,0.1,0.25,ok
119,8,2026-08-28T07:08:31.674+00:00,14001,16000,2000,csi,AGE_YEARS,0.009248421736543604,0.1,0.25,ok
126,8,2026-08-28T07:08:31.674+00:00,14001,16000,2000,csi,AMT_CREDIT,0.000325217696267722,0.1,0.25,ok
125,8,2026-08-28T07:08:31.674+00:00,14001,16000,2000,csi,CREDIT_TERM,0.0007150680703555232,0.1,0.25,ok
118,8,2026-08-28T07:08:31.674+00:00,14001,16000,2000,csi,EMPLOYED_YEARS,0.007201435561794572,0.1,0.25,ok
117,8,2026-08-28T07:08:31.674+00:00,14001,16000,2000,csi,EXT_SOURCE_1,0.014027533184625064,0.1,0.25,ok
116,8,2026-08-28T07:08:31.674+00:00,14001,16000,2000,csi,EXT_SOURCE_2,0.015441116054395125,0.1,0.25,ok
115,8,2026-08-28T07:08:31.674+00:00,14001,16000,2000,csi,EXT_SOURCE_3,0.01458334467277541,0.1,0.25,ok
120,8,2026-08-28T07:08:31.674+00:00,14001,16000,2000,csi,GOODS_CREDIT_RATIO,0.004452642813017837,0.1,0.25,ok
124,8,2026-08-28T07:08:31.674+00:00,14001,16000,2000,csi,ID_PUBLISH_YEARS,0.00631300732144191,0.1,0.25,ok
122,8,2026-08-28T07:08:31.674+00:00,14001,16000,2000,csi,NAME_EDUCATION_TYPE,0.0035608345422976384,0.1,0.25,ok
128,8,2026-08-28T07:08:31.674+00:00,14001,16000,2000,csi,NAME_FAMILY_STATUS,0.0015405677947361374,0.1,0.25,ok
121,8,2026-08-28T07:08:31.674+00:00,14001,16000,2000,csi,NAME_INCOME_TYPE,0.0005017166362339615,0.1,0.25,ok
123,8,2026-08-28T07:08:31.674+00:00,14001,16000,2000,csi,PHONE_CHANGE_YEARS,0.007146184041524636,0.1,0.25,ok
127,8,2026-08-28T07:08:31.674+00:00,14001,16000,2000,csi,REGION_POPULATION_RELATIVE,0.0027504455245286495,0.1,0.25,ok
114,8,2026-08-28T07:08:31.674+00:00,14001,16000,2000,psi_band,band,0.0007672649132523833,0.1,0.25,ok
113,8,2026-08-28T07:08:31.674+00:00,14001,16000,2000,psi_score,score,0.007400425746855165,0.1,0.25,ok
135,9,2026-08-28T07:08:31.694+00:00,16001,18000,2000,csi,AGE_YEARS,0.012154590276714767,0.1,0.25,ok
142,9,2026-08-28T07:08:31.694+00:00,16001,18000,2000,csi,AMT_CREDIT,0.0022305503220930336,0.1,0.25,ok
141,9,2026-08-28T07:08:31.694+00:00,16001,18000,2000,csi,CREDIT_TERM,0.001785073044586809,0.1,0.25,ok
134,9,2026-08-28T07:08:31.694+00:00,16001,18000,2000,csi,EMPLOYED_YEARS,0.007697323392106224,0.1,0.25,ok
133,9,2026-08-28T07:08:31.694+00:00,16001,18000,2000,csi,EXT_SOURCE_1,0.00323479482858563,0.1,0.25,ok
132,9,2026-08-28T07:08:31.694+00:00,16001,18000,2000,csi,EXT_SOURCE_2,0.023990392738037644,0.1,0.25,ok
131,9,2026-08-28T07:08:31.694+00:00,16001,18000,2000,csi,EXT_SOURCE_3,0.019176992062486516,0.1,0.25,ok
136,9,2026-08-28T07:08:31.694+00:00,16001,18000,2000,csi,GOODS_CREDIT_RATIO,0.0033554178251029502,0.1,0.25,ok
140,9,2026-08-28T07:08:31.694+00:00,16001,18000,2000,csi,ID_PUBLISH_YEARS,0.01456371364373847,0.1,0.25,ok
138,9,2026-08-28T07:08:31.694+00:00,16001,18000,2000,csi,NAME_EDUCATION_TYPE,0.0008349127906612259,0.1,0.25,ok
144,9,2026-08-28T07:08:31.694+00:00,16001,18000,2000,csi,NAME_FAMILY_STATUS,0.0038055247413755254,0.1,0.25,ok
137,9,2026-08-28T07:08:31.694+00:00,16001,18000,2000,csi,NAME_INCOME_TYPE,0.0007105098004163887,0.1,0.25,ok
139,9,2026-08-28T07:08:31.694+00:00,16001,18000,2000,csi,PHONE_CHANGE_YEARS,0.0064389620581555215,0.1,0.25,ok
143,9,2026-08-28T07:08:31.694+00:00,16001,18000,2000,csi,REGION_POPULATION_RELATIVE,0.008086383315431957,0.1,0.25,ok
130,9,2026-08-28T07:08:31.694+00:00,16001,18000,2000,psi_band,band,0.007042415208876444,0.1,0.25,ok
129,9,2026-08-28T07:08:31.694+00:00,16001,18000,2000,psi_score,score,0.013750410995259862,0.1,0.25,ok
151,10,2026-08-28T07:08:31.713+00:00,18001,20000,2000,csi,AGE_YEARS,0.08300413427095599,0.1,0.25,ok
158,10,2026-08-28T07:08:31.713+00:00,18001,20000,2000,csi,AMT_CREDIT,0.008295211071135487,0.1,0.25,ok
157,10,2026-08-28T07:08:31.713+00:00,18001,20000,2000,csi,CREDIT_TERM,0.0079750942767193,0.1,0.25,ok
150,10,2026-08-28T07:08:31.713+00:00,18001,20000,2000,csi,EMPLOYED_YEARS,0.03409813399908382,0.1,0.25,ok
149,10,2026-08-28T07:08:31.713+00:00,18001,20000,2000,csi,EXT_SOURCE_1,0.02281030541423735,0.1,0.25,ok
148,10,2026-08-28T07:08:31.713+00:00,18001,20000,2000,csi,EXT_SOURCE_2,0.05407426527683279,0.1,0.25,ok
147,10,2026-08-28T07:08:31.713+00:00,18001,20000,2000,csi,EXT_SOURCE_3,0.07271270470845252,0.1,0.25,ok
152,10,2026-08-28T07:08:31.713+00:00,18001,20000,2000,csi,GOODS_CREDIT_RATIO,0.007537174666250068,0.1,0.25,ok
156,10,2026-08-28T07:08:31.713+00:00,18001,20000,2000,csi,ID_PUBLISH_YEARS,0.012469887098131224,0.1,0.25,ok
154,10,2026-08-28T07:08:31.713+00:00,18001,20000,2000,csi,NAME_EDUCATION_TYPE,0.0063279381170068235,0.1,0.25,ok
160,10,2026-08-28T07:08:31.713+00:00,18001,20000,2000,csi,NAME_FAMILY_STATUS,0.014149063858979006,0.1,0.25,ok
153,10,2026-08-28T07:08:31.713+00:00,18001,20000,2000,csi,NAME_INCOME_TYPE,0.01996898981448731,0.1,0.25,ok
155,10,2026-08-28T07:08:31.713+00:00,18001,20000,2000,csi,PHONE_CHANGE_YEARS,0.010049778932224272,0.1,0.25,ok
159,10,2026-08-28T07:08:31.713+00:00,18001,20000,2000,csi,REGION_POPULATION_RELATIVE,0.004918895461684223,0.1,0.25,ok
146,10,2026-08-28T07:08:31.713+00:00,18001,20000,2000,psi_band,band,0.07685665832297127,0.1,0.25,ok
145,10,2026-08-28T07:08:31.713+00:00,18001,20000,2000,psi_score,score,0.09774804959750484,0.1,0.25,ok
167,11,2026-08-28T07:08:31.731+00:00,20001,22000,2000,csi,AGE_YEARS,0.19253372544111963,0.1,0.25,warn
174,11,2026-08-28T07:08:31.731+00:00,20001,22000,2000,csi,AMT_CREDIT,0.016724375876569754,0.1,0.25,ok
173,11,2026-08-28T07:08:31.731+00:00,20001,22000,2000,csi,CREDIT_TERM,0.00826476690909252,0.1,0.25,ok
166,11,2026-08-28T07:08:31.731+00:00,20001,22000,2000,csi,EMPLOYED_YEARS,0.08125102315815698,0.1,0.25,ok
165,11,2026-08-28T07:08:31.731+00:00,20001,22000,2000,csi,EXT_SOURCE_1,0.06235375932191443,0.1,0.25,ok
164,11,2026-08-28T07:08:31.731+00:00,20001,22000,2000,csi,EXT_SOURCE_2,0.21460783299516217,0.1,0.25,warn
163,11,2026-08-28T07:08:31.731+00:00,20001,22000,2000,csi,EXT_SOURCE_3,0.1888778992443076,0.1,0.25,warn
168,11,2026-08-28T07:08:31.731+00:00,20001,22000,2000,csi,GOODS_CREDIT_RATIO,0.008800948652710548,0.1,0.25,ok
172,11,2026-08-28T07:08:31.731+00:00,20001,22000,2000,csi,ID_PUBLISH_YEARS,0.01887431197984448,0.1,0.25,ok
170,11,2026-08-28T07:08:31.731+00:00,20001,22000,2000,csi,NAME_EDUCATION_TYPE,0.00795892751857815,0.1,0.25,ok
176,11,2026-08-28T07:08:31.731+00:00,20001,22000,2000,csi,NAME_FAMILY_STATUS,0.017732555223843975,0.1,0.25,ok
169,11,2026-08-28T07:08:31.731+00:00,20001,22000,2000,csi,NAME_INCOME_TYPE,0.047730558739467334,0.1,0.25,ok
171,11,2026-08-28T07:08:31.731+00:00,20001,22000,2000,csi,PHONE_CHANGE_YEARS,0.013926098599826828,0.1,0.25,ok
175,11,2026-08-28T07:08:31.731+00:00,20001,22000,2000,csi,REGION_POPULATION_RELATIVE,0.015165826261042568,0.1,0.25,ok
162,11,2026-08-28T07:08:31.731+00:00,20001,22000,2000,psi_band,band,0.25935936397407666,0.1,0.25,alert
161,11,2026-08-28T07:08:31.731+00:00,20001,22000,2000,psi_score,score,0.30248115360552197,0.1,0.25,alert
183,12,2026-08-28T07:08:31.742+00:00,22001,24000,2000,csi,AGE_YEARS,0.3849717399711797,0.1,0.25,alert
190,12,2026-08-28T07:08:31.742+00:00,22001,24000,2000,csi,AMT_CREDIT,0.03492738228411259,0.1,0.25,ok
189,12,2026-08-28T07:08:31.742+00:00,22001,24000,2000,csi,CREDIT_TERM,0.03179935595993709,0.1,0.25,ok
182,12,2026-08-28T07:08:31.742+00:00,22001,24000,2000,csi,EMPLOYED_YEARS,0.17005490375630775,0.1,0.25,warn
181,12,2026-08-28T07:08:31.742+00:00,22001,24000,2000,csi,EXT_SOURCE_1,0.07689506469321118,0.1,0.25,ok
180,12,2026-08-28T07:08:31.742+00:00,22001,24000,2000,csi,EXT_SOURCE_2,0.39113232884207333,0.1,0.25,alert
179,12,2026-08-28T07:08:31.742+00:00,22001,24000,2000,csi,EXT_SOURCE_3,0.32187142730767604,0.1,0.25,alert
184,12,2026-08-28T07:08:31.742+00:00,22001,24000,2000,csi,GOODS_CREDIT_RATIO,0.008714032602501252,0.1,0.25,ok
188,12,2026-08-28T07:08:31.742+00:00,22001,24000,2000,csi,ID_PUBLISH_YEARS,0.08033529397672938,0.1,0.25,ok
186,12,2026-08-28T07:08:31.742+00:00,22001,24000,2000,csi,NAME_EDUCATION_TYPE,0.010295602485574692,0.1,0.25,ok
192,12,2026-08-28T07:08:31.742+00:00,22001,24000,2000,csi,NAME_FAMILY_STATUS,0.031765864765786266,0.1,0.25,ok
185,12,2026-08-28T07:08:31.742+00:00,22001,24000,2000,csi,NAME_INCOME_TYPE,0.12006352369774964,0.1,0.25,warn
187,12,2026-08-28T07:08:31.742+00:00,22001,24000,2000,csi,PHONE_CHANGE_YEARS,0.025549835718325434,0.1,0.25,ok
191,12,2026-08-28T07:08:31.742+00:00,22001,24000,2000,csi,REGION_POPULATION_RELATIVE,0.02487827337211107,0.1,0.25,ok
178,12,2026-08-28T07:08:31.742+00:00,22001,24000,2000,psi_band,band,0.4317484775515116,0.1,0.25,alert
177,12,2026-08-28T07:08:31.742+00:00,22001,24000,2000,psi_score,score,0.525039277052865,0.1,0.25,alert
199,13,2026-08-28T07:08:31.753+00:00,24001,26000,2000,csi,AGE_YEARS,0.47111410562387784,0.1,0.25,alert
206,13,2026-08-28T07:08:31.753+00:00,24001,26000,2000,csi,AMT_CREDIT,0.029091534017476866,0.1,0.25,ok
205,13,2026-08-28T07:08:31.753+00:00,24001,26000,2000,csi,CREDIT_TERM,0.035424049260982235,0.1,0.25,ok
198,13,2026-08-28T07:08:31.753+00:00,24001,26000,2000,csi,EMPLOYED_YEARS,0.1849048164453267,0.1,0.25,warn
197,13,2026-08-28T07:08:31.753+00:00,24001,26000,2000,csi,EXT_SOURCE_1,0.10082856999983078,0.1,0.25,warn
196,13,2026-08-28T07:08:31.753+00:00,24001,26000,2000,csi,EXT_SOURCE_2,0.45417988699550144,0.1,0.25,alert
195,13,2026-08-28T07:08:31.753+00:00,24001,26000,2000,csi,EXT_SOURCE_3,0.4110318677577616,0.1,0.25,alert
200,13,2026-08-28T07:08:31.753+00:00,24001,26000,2000,csi,GOODS_CREDIT_RATIO,0.020242772281966033,0.1,0.25,ok
204,13,2026-08-28T07:08:31.753+00:00,24001,26000,2000,csi,ID_PUBLISH_YEARS,0.10152798271812985,0.1,0.25,warn
202,13,2026-08-28T07:08:31.753+00:00,24001,26000,2000,csi,NAME_EDUCATION_TYPE,0.008357541801089852,0.1,0.25,ok
208,13,2026-08-28T07:08:31.753+00:00,24001,26000,2000,csi,NAME_FAMILY_STATUS,0.05721976112901433,0.1,0.25,ok
201,13,2026-08-28T07:08:31.753+00:00,24001,26000,2000,csi,NAME_INCOME_TYPE,0.11927950801517191,0.1,0.25,warn
203,13,2026-08-28T07:08:31.753+00:00,24001,26000,2000,csi,PHONE_CHANGE_YEARS,0.0601618368154625,0.1,0.25,ok
207,13,2026-08-28T07:08:31.753+00:00,24001,26000,2000,csi,REGION_POPULATION_RELATIVE,0.020775951626140772,0.1,0.25,ok
194,13,2026-08-28T07:08:31.753+00:00,24001,26000,2000,psi_band,band,0.5546834146839752,0.1,0.25,alert
193,13,2026-08-28T07:08:31.753+00:00,24001,26000,2000,psi_score,score,0.641381093579663,0.1,0.25,alert
215,14,2026-08-28T07:08:31.764+00:00,26001,28000,2000,csi,AGE_YEARS,0.43043823817495136,0.1,0.25,alert
222,14,2026-08-28T07:08:31.764+00:00,26001,28000,2000,csi,AMT_CREDIT,0.031436880347432916,0.1,0.25,ok
221,14,2026-08-28T07:08:31.764+00:00,26001,28000,2000,csi,CREDIT_TERM,0.03811456212823321,0.1,0.25,ok
214,14,2026-08-28T07:08:31.764+00:00,26001,28000,2000,csi,EMPLOYED_YEARS,0.1903043033009021,0.1,0.25,warn
213,14,2026-08-28T07:08:31.764+00:00,26001,28000,2000,csi,EXT_SOURCE_1,0.09875318023656843,0.1,0.25,ok
212,14,2026-08-28T07:08:31.764+00:00,26001,28000,2000,csi,EXT_SOURCE_2,0.41853715826128884,0.1,0.25,alert
211,14,2026-08-28T07:08:31.764+00:00,26001,28000,2000,csi,EXT_SOURCE_3,0.4179657340354334,0.1,0.25,alert
216,14,2026-08-28T07:08:31.764+00:00,26001,28000,2000,csi,GOODS_CREDIT_RATIO,0.006282730846022929,0.1,0.25,ok
220,14,2026-08-28T07:08:31.764+00:00,26001,28000,2000,csi,ID_PUBLISH_YEARS,0.08659299330153628,0.1,0.25,ok
218,14,2026-08-28T07:08:31.764+00:00,26001,28000,2000,csi,NAME_EDUCATION_TYPE,0.014082492110610967,0.1,0.25,ok
224,14,2026-08-28T07:08:31.764+00:00,26001,28000,2000,csi,NAME_FAMILY_STATUS,0.05405445645523935,0.1,0.25,ok
217,14,2026-08-28T07:08:31.764+00:00,26001,28000,2000,csi,NAME_INCOME_TYPE,0.12781018016402074,0.1,0.25,warn
219,14,2026-08-28T07:08:31.764+00:00,26001,28000,2000,csi,PHONE_CHANGE_YEARS,0.04031423062000469,0.1,0.25,ok
223,14,2026-08-28T07:08:31.764+00:00,26001,28000,2000,csi,REGION_POPULATION_RELATIVE,0.021356006510531877,0.1,0.25,ok
210,14,2026-08-28T07:08:31.764+00:00,26001,28000,2000,psi_band,band,0.4897843333471666,0.1,0.25,alert
209,14,2026-08-28T07:08:31.764+00:00,26001,28000,2000,psi_score,score,0.5944778601191507,0.1,0.25,alert
231,15,2026-08-28T07:08:31.775+00:00,28001,30000,2000,csi,AGE_YEARS,0.37055109294486027,0.1,0.25,alert
238,15,2026-08-28T07:08:31.775+00:00,28001,30000,2000,csi,AMT_CREDIT,0.039059533143731305,0.1,0.25,ok
237,15,2026-08-28T07:08:31.775+00:00,28001,30000,2000,csi,CREDIT_TERM,0.03097852417595131,0.1,0.25,ok
230,15,2026-08-28T07:08:31.775+00:00,28001,30000,2000,csi,EMPLOYED_YEARS,0.14856373395955702,0.1,0.25,warn
229,15,2026-08-28T07:08:31.775+00:00,28001,30000,2000,csi,EXT_SOURCE_1,0.10645271784468353,0.1,0.25,warn
228,15,2026-08-28T07:08:31.775+00:00,28001,30000,2000,csi,EXT_SOURCE_2,0.4288580329269724,0.1,0.25,alert
227,15,2026-08-28T07:08:31.775+00:00,28001,30000,2000,csi,EXT_SOURCE_3,0.351897033226395,0.1,0.25,alert
232,15,2026-08-28T07:08:31.775+00:00,28001,30000,2000,csi,GOODS_CREDIT_RATIO,0.005494439889192455,0.1,0.25,ok
236,15,2026-08-28T07:08:31.775+00:00,28001,30000,2000,csi,ID_PUBLISH_YEARS,0.08102185355091411,0.1,0.25,ok
234,15,2026-08-28T07:08:31.775+00:00,28001,30000,2000,csi,NAME_EDUCATION_TYPE,0.009804233902904731,0.1,0.25,ok
240,15,2026-08-28T07:08:31.775+00:00,28001,30000,2000,csi,NAME_FAMILY_STATUS,0.03494338518855377,0.1,0.25,ok
233,15,2026-08-28T07:08:31.775+00:00,28001,30000,2000,csi,NAME_INCOME_TYPE,0.0879069581424332,0.1,0.25,ok
235,15,2026-08-28T07:08:31.775+00:00,28001,30000,2000,csi,PHONE_CHANGE_YEARS,0.05738330061433664,0.1,0.25,ok
239,15,2026-08-28T07:08:31.775+00:00,28001,30000,2000,csi,REGION_POPULATION_RELATIVE,0.026998464820620453,0.1,0.25,ok
226,15,2026-08-28T07:08:31.775+00:00,28001,30000,2000,psi_band,band,0.48570766871226756,0.1,0.25,alert
225,15,2026-08-28T07:08:31.775+00:00,28001,30000,2000,psi_score,score,0.5719359688244031,0.1,0.25,alert
247,16,2026-08-28T07:08:31.786+00:00,30001,32000,2000,csi,AGE_YEARS,0.3867776393509057,0.1,0.25,alert
254,16,2026-08-28T07:08:31.786+00:00,30001,32000,2000,csi,AMT_CREDIT,0.016222286887427457,0.1,0.25,ok
253,16,2026-08-28T07:08:31.786+00:00,30001,32000,2000,csi,CREDIT_TERM,0.027490958580097168,0.1,0.25,ok
246,16,2026-08-28T07:08:31.786+00:00,30001,32000,2000,csi,EMPLOYED_YEARS,0.15201862997673615,0.1,0.25,warn
245,16,2026-08-28T07:08:31.786+00:00,30001,32000,2000,csi,EXT_SOURCE_1,0.09003551925368888,0.1,0.25,ok
244,16,2026-08-28T07:08:31.786+00:00,30001,32000,2000,csi,EXT_SOURCE_2,0.4520744505473671,0.1,0.25,alert
243,16,2026-08-28T07:08:31.786+00:00,30001,32000,2000,csi,EXT_SOURCE_3,0.3756487626447898,0.1,0.25,alert
248,16,2026-08-28T07:08:31.786+00:00,30001,32000,2000,csi,GOODS_CREDIT_RATIO,0.012255447976376364,0.1,0.25,ok
252,16,2026-08-28T07:08:31.786+00:00,30001,32000,2000,csi,ID_PUBLISH_YEARS,0.06396576018599834,0.1,0.25,ok
250,16,2026-08-28T07:08:31.786+00:00,30001,32000,2000,csi,NAME_EDUCATION_TYPE,0.019322384064651334,0.1,0.25,ok
256,16,2026-08-28T07:08:31.786+00:00,30001,32000,2000,csi,NAME_FAMILY_STATUS,0.032535552794968184,0.1,0.25,ok
249,16,2026-08-28T07:08:31.786+00:00,30001,32000,2000,csi,NAME_INCOME_TYPE,0.10940126997851157,0.1,0.25,warn
251,16,2026-08-28T07:08:31.786+00:00,30001,32000,2000,csi,PHONE_CHANGE_YEARS,0.052428659313411514,0.1,0.25,ok
255,16,2026-08-28T07:08:31.786+00:00,30001,32000,2000,csi,REGION_POPULATION_RELATIVE,0.02298507089543471,0.1,0.25,ok
242,16,2026-08-28T07:08:31.786+00:00,30001,32000,2000,psi_band,band,0.4792748727581584,0.1,0.25,alert
241,16,2026-08-28T07:08:31.786+00:00,30001,32000,2000,psi_score,score,0.614391972220309,0.1,0.25,alert
263,17,2026-08-28T07:08:31.797+00:00,32001,34000,2000,csi,AGE_YEARS,0.4370101543442658,0.1,0.25,alert
270,17,2026-08-28T07:08:31.797+00:00,32001,34000,2000,csi,AMT_CREDIT,0.026746437837434196,0.1,0.25,ok
269,17,2026-08-28T07:08:31.797+00:00,32001,34000,2000,csi,CREDIT_TERM,0.04067813356997967,0.1,0.25,ok
262,17,2026-08-28T07:08:31.797+00:00,32001,34000,2000,csi,EMPLOYED_YEARS,0.16529679401770064,0.1,0.25,warn
261,17,2026-08-28T07:08:31.797+00:00,32001,34000,2000,csi,EXT_SOURCE_1,0.12008068656671313,0.1,0.25,warn
260,17,2026-08-28T07:08:31.797+00:00,32001,34000,2000,csi,EXT_SOURCE_2,0.44756791869095275,0.1,0.25,alert
259,17,2026-08-28T07:08:31.797+00:00,32001,34000,2000,csi,EXT_SOURCE_3,0.41070842037957417,0.1,0.25,alert
264,17,2026-08-28T07:08:31.797+00:00,32001,34000,2000,csi,GOODS_CREDIT_RATIO,0.007217371795423214,0.1,0.25,ok
268,17,2026-08-28T07:08:31.797+00:00,32001,34000,2000,csi,ID_PUBLISH_YEARS,0.0847423315092133,0.1,0.25,ok
266,17,2026-08-28T07:08:31.797+00:00,32001,34000,2000,csi,NAME_EDUCATION_TYPE,0.010179225274699048,0.1,0.25,ok
272,17,2026-08-28T07:08:31.797+00:00,32001,34000,2000,csi,NAME_FAMILY_STATUS,0.05092081191029446,0.1,0.25,ok
265,17,2026-08-28T07:08:31.797+00:00,32001,34000,2000,csi,NAME_INCOME_TYPE,0.0971741290208756,0.1,0.25,ok
267,17,2026-08-28T07:08:31.797+00:00,32001,34000,2000,csi,PHONE_CHANGE_YEARS,0.05690030755631323,0.1,0.25,ok
271,17,2026-08-28T07:08:31.797+00:00,32001,34000,2000,csi,REGION_POPULATION_RELATIVE,0.02010860158345247,0.1,0.25,ok
258,17,2026-08-28T07:08:31.797+00:00,32001,34000,2000,psi_band,band,0.49828347038444454,0.1,0.25,alert
257,17,2026-08-28T07:08:31.797+00:00,32001,34000,2000,psi_score,score,0.6023892696923765,0.1,0.25,alert
279,18,2026-08-28T07:08:31.808+00:00,34001,36000,2000,csi,AGE_YEARS,0.401123556329306,0.1,0.25,alert
286,18,2026-08-28T07:08:31.808+00:00,34001,36000,2000,csi,AMT_CREDIT,0.03247757039185017,0.1,0.25,ok
285,18,2026-08-28T07:08:31.808+00:00,34001,36000,2000,csi,CREDIT_TERM,0.03170059479610499,0.1,0.25,ok
278,18,2026-08-28T07:08:31.808+00:00,34001,36000,2000,csi,EMPLOYED_YEARS,0.16085377069207046,0.1,0.25,warn
277,18,2026-08-28T07:08:31.808+00:00,34001,36000,2000,csi,EXT_SOURCE_1,0.10654964483326392,0.1,0.25,warn
276,18,2026-08-28T07:08:31.808+00:00,34001,36000,2000,csi,EXT_SOURCE_2,0.4027880881048832,0.1,0.25,alert
275,18,2026-08-28T07:08:31.808+00:00,34001,36000,2000,csi,EXT_SOURCE_3,0.39449687759787205,0.1,0.25,alert
280,18,2026-08-28T07:08:31.808+00:00,34001,36000,2000,csi,GOODS_CREDIT_RATIO,0.010765829499342797,0.1,0.25,ok
284,18,2026-08-28T07:08:31.808+00:00,34001,36000,2000,csi,ID_PUBLISH_YEARS,0.05298774035536733,0.1,0.25,ok
282,18,2026-08-28T07:08:31.808+00:00,34001,36000,2000,csi,NAME_EDUCATION_TYPE,0.015282705367781957,0.1,0.25,ok
288,18,2026-08-28T07:08:31.808+00:00,34001,36000,2000,csi,NAME_FAMILY_STATUS,0.04260560307710755,0.1,0.25,ok
281,18,2026-08-28T07:08:31.808+00:00,34001,36000,2000,csi,NAME_INCOME_TYPE,0.08634655911408341,0.1,0.25,ok
283,18,2026-08-28T07:08:31.808+00:00,34001,36000,2000,csi,PHONE_CHANGE_YEARS,0.059425449796847316,0.1,0.25,ok
287,18,2026-08-28T07:08:31.808+00:00,34001,36000,2000,csi,REGION_POPULATION_RELATIVE,0.012037072990486298,0.1,0.25,ok
274,18,2026-08-28T07:08:31.808+00:00,34001,36000,2000,psi_band,band,0.4345500656438407,0.1,0.25,alert
273,18,2026-08-28T07:08:31.808+00:00,34001,36000,2000,psi_score,score,0.5508402429119927,0.1,0.25,alert
295,19,2026-08-28T07:08:31.820+00:00,36001,38000,2000,csi,AGE_YEARS,0.4100852820369913,0.1,0.25,alert
302,19,2026-08-28T07:08:31.820+00:00,36001,38000,2000,csi,AMT_CREDIT,0.025945871874039253,0.1,0.25,ok
301,19,2026-08-28T07:08:31.820+00:00,36001,38000,2000,csi,CREDIT_TERM,0.04216648154077484,0.1,0.25,ok
294,19,2026-08-28T07:08:31.820+00:00,36001,38000,2000,csi,EMPLOYED_YEARS,0.17186843223960033,0.1,0.25,warn
293,19,2026-08-28T07:08:31.820+00:00,36001,38000,2000,csi,EXT_SOURCE_1,0.10973867293289893,0.1,0.25,warn
292,19,2026-08-28T07:08:31.820+00:00,36001,38000,2000,csi,EXT_SOURCE_2,0.3665589274735137,0.1,0.25,alert
291,19,2026-08-28T07:08:31.820+00:00,36001,38000,2000,csi,EXT_SOURCE_3,0.37786465111049744,0.1,0.25,alert
296,19,2026-08-28T07:08:31.820+00:00,36001,38000,2000,csi,GOODS_CREDIT_RATIO,0.008726893150282479,0.1,0.25,ok
300,19,2026-08-28T07:08:31.820+00:00,36001,38000,2000,csi,ID_PUBLISH_YEARS,0.08057394711198426,0.1,0.25,ok
298,19,2026-08-28T07:08:31.820+00:00,36001,38000,2000,csi,NAME_EDUCATION_TYPE,0.0077561110324651916,0.1,0.25,ok
304,19,2026-08-28T07:08:31.820+00:00,36001,38000,2000,csi,NAME_FAMILY_STATUS,0.03431337664048456,0.1,0.25,ok
297,19,2026-08-28T07:08:31.820+00:00,36001,38000,2000,csi,NAME_INCOME_TYPE,0.1070728013231612,0.1,0.25,warn
299,19,2026-08-28T07:08:31.820+00:00,36001,38000,2000,csi,PHONE_CHANGE_YEARS,0.03752571178879005,0.1,0.25,ok
303,19,2026-08-28T07:08:31.820+00:00,36001,38000,2000,csi,REGION_POPULATION_RELATIVE,0.02295283547050525,0.1,0.25,ok
290,19,2026-08-28T07:08:31.820+00:00,36001,38000,2000,psi_band,band,0.45544418461594594,0.1,0.25,alert
289,19,2026-08-28T07:08:31.820+00:00,36001,38000,2000,psi_score,score,0.5708371689999676,0.1,0.25,alert
311,20,2026-08-28T07:08:31.831+00:00,38001,40000,2000,csi,AGE_YEARS,0.4073542570557853,0.1,0.25,alert
318,20,2026-08-28T07:08:31.831+00:00,38001,40000,2000,csi,AMT_CREDIT,0.03287509810585628,0.1,0.25,ok
317,20,2026-08-28T07:08:31.831+00:00,38001,40000,2000,csi,CREDIT_TERM,0.04086379024417243,0.1,0.25,ok
310,20,2026-08-28T07:08:31.831+00:00,38001,40000,2000,csi,EMPLOYED_YEARS,0.19907059206731698,0.1,0.25,warn
309,20,2026-08-28T07:08:31.831+00:00,38001,40000,2000,csi,EXT_SOURCE_1,0.10489363814204461,0.1,0.25,warn
308,20,2026-08-28T07:08:31.831+00:00,38001,40000,2000,csi,EXT_SOURCE_2,0.47020919485529206,0.1,0.25,alert
307,20,2026-08-28T07:08:31.831+00:00,38001,40000,2000,csi,EXT_SOURCE_3,0.37513203165257974,0.1,0.25,alert
312,20,2026-08-28T07:08:31.831+00:00,38001,40000,2000,csi,GOODS_CREDIT_RATIO,0.013645275632783414,0.1,0.25,ok
316,20,2026-08-28T07:08:31.831+00:00,38001,40000,2000,csi,ID_PUBLISH_YEARS,0.07244633211704149,0.1,0.25,ok
314,20,2026-08-28T07:08:31.831+00:00,38001,40000,2000,csi,NAME_EDUCATION_TYPE,0.013353180372423862,0.1,0.25,ok
320,20,2026-08-28T07:08:31.831+00:00,38001,40000,2000,csi,NAME_FAMILY_STATUS,0.058773267502002804,0.1,0.25,ok
313,20,2026-08-28T07:08:31.831+00:00,38001,40000,2000,csi,NAME_INCOME_TYPE,0.12545653060101178,0.1,0.25,warn
315,20,2026-08-28T07:08:31.831+00:00,38001,40000,2000,csi,PHONE_CHANGE_YEARS,0.056811060383914536,0.1,0.25,ok
319,20,2026-08-28T07:08:31.831+00:00,38001,40000,2000,csi,REGION_POPULATION_RELATIVE,0.022893223021492715,0.1,0.25,ok
306,20,2026-08-28T07:08:31.831+00:00,38001,40000,2000,psi_band,band,0.5463795940873568,0.1,0.25,alert
305,20,2026-08-28T07:08:31.831+00:00,38001,40000,2000,psi_score,score,0.6363050099082803,0.1,0.25,alert
