feature,bin_index,bin,count,bads,bad_rate,population_share,woe,iv,points
EXT_SOURCE_3,0,"(-inf, 0.1538]",8573,1974,0.23025778607255337,0.03982681167162973,1.21822441023747,0.3267071677256845,7.6
EXT_SOURCE_3,1,"(0.1538, 0.2289]",8632,1471,0.1704124189063948,0.040100902641958217,0.8424659295333827,0.3267071677256845,16.7
EXT_SOURCE_3,2,"(0.2289, 0.2837]",8523,1147,0.13457702686847353,0.039594531188300496,0.5641894886568537,0.3267071677256845,23.4
EXT_SOURCE_3,3,"(0.2837, 0.3313]",8690,1067,0.12278481012658228,0.04037034800262013,0.458986981370593,0.3267071677256845,26.0
EXT_SOURCE_3,4,"(0.3313, 0.3706]",8437,824,0.0976650468175892,0.03919500875697422,0.20200197279864157,0.3267071677256845,32.2
EXT_SOURCE_3,5,"(0.3706, 0.4084]",8686,820,0.09440478931614092,0.040351765563953784,0.16444849192944264,0.3267071677256845,33.2
EXT_SOURCE_3,6,"(0.4084, 0.4418]",8316,696,0.0836940836940837,0.03863288998731749,0.032373626973731154,0.3267071677256845,36.4
EXT_SOURCE_3,7,"(0.4418, 0.4758]",9122,722,0.07914930936198201,0.04237725137858467,-0.028425989803094767,0.3267071677256845,37.8
EXT_SOURCE_3,8,"(0.4758, 0.5065]",8188,541,0.0660723009281876,0.038038251949994654,-0.22288791250423828,0.3267071677256845,42.6
EXT_SOURCE_3,9,"(0.5065, 0.5353]",8767,509,0.0580586289494696,0.040728059946947136,-0.3606653022185904,0.3267071677256845,45.9
EXT_SOURCE_3,10,"(0.5353, 0.5621]",8463,485,0.05730828311473473,0.03931579460830542,-0.3744233180393273,0.3267071677256845,46.2
EXT_SOURCE_3,11,"(0.5621, 0.6178]",17698,900,0.050853203751836364,0.08221799987921415,-0.5011916139950722,0.3267071677256845,49.3
EXT_SOURCE_3,12,"(0.6178, 0.6414]",8251,410,0.049690946551933096,0.038330925358989486,-0.5249063956022213,0.3267071677256845,49.9
EXT_SOURCE_3,13,"(0.6414, 0.6675]",8761,402,0.04588517292546513,0.04070018628894763,-0.6085557017393076,0.3267071677256845,51.9
EXT_SOURCE_3,14,"(0.6675, 0.6941]",8839,384,0.04344382848738545,0.04106254384294123,-0.6657255101642657,0.3267071677256845,53.3
EXT_SOURCE_3,15,"(0.6941, 0.7195]",8404,313,0.037244169443122324,0.03904170363797693,-0.8258669498041897,0.3267071677256845,57.2
EXT_SOURCE_3,16,"(0.7195, 0.7863]",17250,590,0.034202898550724635,0.08013676674858425,-0.9149231945580923,0.3267071677256845,59.3
EXT_SOURCE_3,17,"(0.7863, inf]",8902,272,0.030554931476072793,0.041355217251936055,-1.0305160086436702,0.3267071677256845,62.2
EXT_SOURCE_3,18,missing,42755,3964,0.0927143024207695,0.19862304129482433,0.1440816903456242,0.3267071677256845,33.6
EXT_SOURCE_2,0,"(-inf, 0.1324]",10740,2409,0.22430167597765363,0.04989384781911854,1.1842528000931565,0.31582526532224453,10.9
EXT_SOURCE_2,1,"(0.1324, 0.2144]",10739,1576,0.1467548188844399,0.049889202209451956,0.6648560532186312,0.31582526532224453,22.4
EXT_SOURCE_2,2,"(0.2144, 0.2782]",10739,1341,0.12487196200763571,0.049889202209451956,0.4781153438004757,0.31582526532224453,26.6
EXT_SOURCE_2,3,"(0.2782, 0.3386]",10739,1224,0.11397709283918428,0.049889202209451956,0.37448760442658746,0.31582526532224453,28.9
EXT_SOURCE_2,4,"(0.3386, 0.3913]",10739,1160,0.10801750628550144,0.049889202209451956,0.3141026031698916,0.31582526532224453,30.2
EXT_SOURCE_2,5,"(0.3913, 0.4393]",10739,1004,0.09349101406089952,0.049889202209451956,0.15358796169076033,0.31582526532224453,33.7
EXT_SOURCE_2,6,"(0.4393, 0.478]",10738,946,0.08809834233563048,0.04988455659978537,0.08827596010083802,0.31582526532224453,35.2
EXT_SOURCE_2,7,"(0.478, 0.5113]",10739,833,0.0775677437377782,0.049889202209451956,-0.05043562915201783,0.31582526532224453,38.3
EXT_SOURCE_2,8,"(0.5113, 0.5405]",10739,810,0.07542601732004842,0.049889202209451956,-0.0807370071370417,0.31582526532224453,38.9
EXT_SOURCE_2,9,"(0.5405, 0.5656]",10738,783,0.0729186068169119,0.04988455659978537,-0.11723232446656683,0.31582526532224453,39.7
EXT_SOURCE_2,10,"(0.5656, 0.5881]",10740,735,0.06843575418994413,0.04989384781911854,-0.18546262574867908,0.31582526532224453,41.2
EXT_SOURCE_2,11,"(0.5881, 0.6083]",10737,723,0.06733724504051411,0.049879910990118785,-0.20281172067830164,0.31582526532224453,41.6
EXT_SOURCE_2,12,"(0.6083, 0.6276]",10740,669,0.062290502793296086,0.04989384781911854,-0.28605671179580455,0.31582526532224453,43.5
EXT_SOURCE_2,13,"(0.6276, 0.646]",10740,612,0.05698324022346369,0.04989384781911854,-0.3806825138435319,0.31582526532224453,45.6
EXT_SOURCE_2,14,"(0.646, 0.6637]",10737,550,0.051224736891124154,0.049879910990118785,-0.4932127463949365,0.31582526532224453,48.1
EXT_SOURCE_2,15,"(0.6637, 0.7007]",21481,995,0.046320003724221404,0.09979234124790366,-0.5993992331149756,0.31582526532224453,50.4
EXT_SOURCE_2,16,"(0.7007, 0.722]",10739,431,0.040134090697457867,0.049889202209451956,-0.7485795110956931,0.31582526532224453,53.7
EXT_SOURCE_2,17,"(0.722, 0.7477]",10738,345,0.03212888806109145,0.04988455659978537,-0.9790661915363743,0.31582526532224453,58.8
EXT_SOURCE_2,18,"(0.7477, inf]",10741,304,0.028302765105669862,0.04989849342878513,-1.1096122270177122,0.31582526532224453,61.7
EXT_SOURCE_2,19,missing,475,41,0.0863157894736842,0.0022066645916276823,0.07637453752265279,0.31582526532224453,35.5
EXT_SOURCE_1,0,"(-inf, 0.2112]",9381,1642,0.17503464449419037,0.04358046428223008,0.8749938482911354,0.1468174072968093,24.2
EXT_SOURCE_1,1,"(0.2112, 0.2951]",9381,1080,0.11512631915574033,0.04358046428223008,0.3860991385454018,0.1468174072968093,31.4
EXT_SOURCE_1,2,"(0.2951, 0.3681]",9381,861,0.09178125999360409,0.04358046428223008,0.13355621536683893,0.1468174072968093,35.2
EXT_SOURCE_1,3,"(0.3681, 0.437]",9381,776,0.08272039228227268,0.04358046428223008,0.019751292825008385,0.1468174072968093,36.8
EXT_SOURCE_1,4,"(0.437, 0.5054]",9381,625,0.06662402728920158,0.04358046428223008,-0.2138887678594513,0.1468174072968093,40.3
EXT_SOURCE_1,5,"(0.5054, 0.5727]",9381,573,0.06108090821874001,0.04358046428223008,-0.3066030438514675,0.1468174072968093,41.7
EXT_SOURCE_1,6,"(0.5727, 0.64]",9381,481,0.05127385140176954,0.04358046428223008,-0.4918450397330054,0.1468174072968093,44.4
EXT_SOURCE_1,7,"(0.64, 0.7101]",9381,411,0.04381196034537896,0.04358046428223008,-0.6567762117960125,0.1468174072968093,46.9
EXT_SOURCE_1,8,"(0.7101, 0.7867]",9381,328,0.03496428952137299,0.04358046428223008,-0.8912584013897301,0.1468174072968093,50.4
EXT_SOURCE_1,9,"(0.7867, inf]",9382,258,0.027499467064591773,0.043585109891896665,-1.1387112255340839,0.1468174072968093,54.0
EXT_SOURCE_1,10,missing,121446,10456,0.08609587800339245,0.5641907115680326,0.06289064549463463,0.1468174072968093,36.2
EMPLOYED_YEARS,0,"(-inf, 2.097]",44062,5015,0.1138168943761064,0.2046948531290504,0.3727615371241011,0.11379007980715324,32.4
EMPLOYED_YEARS,1,"(2.097, 2.513]",8837,965,0.10919995473577006,0.04105325262360806,0.32652242242582824,0.11379007980715324,33.0
EMPLOYED_YEARS,2,"(2.513, 2.954]",8815,947,0.10743051616562677,0.0409510492109432,0.308211484448101,0.11379007980715324,33.2
EMPLOYED_YEARS,3,"(2.954, 3.956]",17670,1779,0.10067911714770798,0.08208792280854978,0.23555532441415164,0.11379007980715324,34.2
EMPLOYED_YEARS,4,"(3.956, 4.515]",8814,803,0.09110506013160881,0.04094640360127661,0.12535117026207152,0.11379007980715324,35.6
EMPLOYED_YEARS,5,"(4.515, 5.123]",8840,800,0.09049773755656108,0.041067189452607816,0.11799725667512868,0.11379007980715324,35.7
EMPLOYED_YEARS,6,"(5.123, 5.911]",8828,724,0.08201178069777978,0.041011442136608796,0.010314293340945557,0.11379007980715324,37.0
EMPLOYED_YEARS,7,"(5.911, 6.721]",8838,695,0.0786377008372935,0.041057898233274645,-0.035337057117679205,0.11379007980715324,37.6
EMPLOYED_YEARS,8,"(6.721, 8.679]",17646,1239,0.07021421285277117,0.08197642817655175,-0.158023201340194,0.11379007980715324,39.1
EMPLOYED_YEARS,9,"(8.679, 10.03]",8817,583,0.06612226380855166,0.04096034043027637,-0.22203619905521377,0.11379007980715324,39.9
EMPLOYED_YEARS,10,"(10.03, 11.96]",8835,518,0.058630447085455575,0.04104396140427489,-0.35016970669061115,0.11379007980715324,41.6
EMPLOYED_YEARS,11,"(11.96, 14.59]",8823,481,0.054516604329593106,0.040988214088275875,-0.4272047058549102,0.11379007980715324,42.5
EMPLOYED_YEARS,12,"(14.59, 19.96]",8821,436,0.04942750255073121,0.040978922868942703,-0.530463653959587,0.11379007980715324,43.8
EMPLOYED_YEARS,13,"(19.96, inf]",8828,380,0.043044857272315364,0.041011442136608796,-0.6752507389665251,0.11379007980715324,45.7
EMPLOYED_YEARS,14,missing,38783,2126,0.05481783255550112,0.18017067969915032,-0.4221333366251073,0.11379007980715324,42.5
AGE_YEARS,0,"(-inf, 25.73]",10758,1319,0.12260643242238334,0.04997746879311706,0.45727900428627244,0.08543878807965585,39.7
AGE_YEARS,1,"(25.73, 28.15]",10761,1217,0.11309357866369296,0.04999140562211682,0.3657636435937801,0.08543878807965585,39.2
AGE_YEARS,2,"(28.15, 30.11]",10767,1202,0.11163741060648277,0.050019279280116326,0.35116898753447195,0.08543878807965585,39.1
AGE_YEARS,3,"(30.11, 31.99]",10765,1135,0.10543427775197399,0.050009988060783155,0.2870670769993277,0.08543878807965585,38.8
AGE_YEARS,4,"(31.99, 33.96]",10761,1086,0.10091998884862002,0.04999140562211682,0.23829374352527408,0.08543878807965585,38.5
AGE_YEARS,5,"(33.96, 35.97]",10751,1046,0.09729327504418193,0.04994494952545097,0.1976876677529002,0.08543878807965585,38.3
AGE_YEARS,6,"(35.97, 37.72]",10762,985,0.0915257387102769,0.049996051231783405,0.1302391599410974,0.08543878807965585,37.9
AGE_YEARS,7,"(37.72, 39.46]",10775,912,0.08464037122969838,0.050056444157449004,0.044520871250714834,0.08543878807965585,37.4
AGE_YEARS,8,"(39.46, 41.25]",10764,889,0.08259011519881085,0.05000534245111657,0.01777642568496914,0.08543878807965585,37.2
AGE_YEARS,9,"(41.25, 47.16]",32290,2524,0.07816661505109941,0.15000673613401655,-0.04241143679970028,0.08543878807965585,36.9
AGE_YEARS,10,"(47.16, 49.38]",10755,782,0.07271036727103673,0.04996353196411731,-0.12026379211831942,0.08543878807965585,36.5
AGE_YEARS,11,"(49.38, 51.72]",10763,754,0.07005481743008454,0.05000069684144999,-0.1603055028258756,0.08543878807965585,36.2
AGE_YEARS,12,"(51.72, 53.9]",10769,753,0.06992292691986257,0.0500285704994495,-0.1623308541771653,0.08543878807965585,36.2
AGE_YEARS,13,"(53.9, 56.09]",10756,653,0.06071030122722201,0.0499681775737839,-0.3133655044112826,0.08543878807965585,35.4
AGE_YEARS,14,"(56.09, 58.38]",10768,587,0.05451337295690936,0.05002392488978291,-0.427522240994264,0.08543878807965585,34.7
AGE_YEARS,15,"(58.38, 63.54]",21524,1172,0.05445084556773834,0.09999210246356681,-0.42913639314970653,0.08543878807965585,34.7
AGE_YEARS,16,"(63.54, inf]",10768,475,0.04411218424962853,0.05002392488978291,-0.6499718850859262,0.08543878807965585,33.4
AGE_YEARS,17,missing,0,0,0.0,0.0,2.4249291399779915,0.08543878807965585,50.9
GOODS_CREDIT_RATIO,0,"(-inf, 0.783]",21078,2681,0.1271942309517032,0.09792016055227008,0.49935116713650807,0.07481148143459687,25.9
GOODS_CREDIT_RATIO,1,"(0.783, 0.8347]",24420,2710,0.11097461097461098,0.1134457880579958,0.34452671874618956,0.07481148143459687,29.4
GOODS_CREDIT_RATIO,2,"(0.8347, 0.8535]",19024,1743,0.091621110176619,0.08837807829710533,0.13144763548377025,0.07481148143459687,34.2
GOODS_CREDIT_RATIO,3,"(0.8535, 0.8732]",18270,1569,0.08587848932676519,0.08487528860850053,0.060448175065769466,0.07481148143459687,35.8
GOODS_CREDIT_RATIO,4,"(0.8732, 0.8834]",6545,466,0.07119938884644766,0.030405515267796168,-0.1422301009347921,0.07481148143459687,40.3
GOODS_CREDIT_RATIO,5,"(0.8834, 0.9266]",39633,2659,0.06709055584992304,0.18411944791574722,-0.20690073714047466,0.07481148143459687,41.8
GOODS_CREDIT_RATIO,6,"(0.9266, inf]",86112,5648,0.06558900037160907,0.40004273960893255,-0.23123645667021134,0.07481148143459687,42.4
GOODS_CREDIT_RATIO,7,missing,175,15,0.08571428571428572,0.000812981691652304,0.08773569486941263,0.07481148143459687,35.2
NAME_INCOME_TYPE,0,Commercial associate,50120,3760,0.07501995211492418,0.23283795648921987,-0.08665415834382598,0.05505995397511976,37.9
NAME_INCOME_TYPE,1,Pensioner,38773,2120,0.05467722384133289,0.18012422360248448,-0.4246152938492629,0.05505995397511976,40.7
NAME_INCOME_TYPE,2,State servant,15098,900,0.05961054444297258,0.0701394147460942,-0.33269972164601613,0.05505995397511976,39.9
NAME_INCOME_TYPE,3,Working,111225,10705,0.09624634749381883,0.5167079351658715,0.18563765924443898,0.05505995397511976,35.6
NAME_INCOME_TYPE,4,__other__,41,6,0.14634146341463414,0.00019046999632996837,0.7275111983650866,0.05505995397511976,31.1
NAME_INCOME_TYPE,5,missing,0,0,0.0,0.0,2.425241717944865,0.05505995397511976,17.1
NAME_EDUCATION_TYPE,0,Higher education,52370,2823,0.05390490738972694,0.2432905782390352,-0.43971283734074623,0.05102102851051651,45.5
NAME_EDUCATION_TYPE,1,Incomplete higher,7157,603,0.0842531787061618,0.03324862838374594,0.040080642844587774,0.05102102851051651,36.4
NAME_EDUCATION_TYPE,2,Lower secondary,2660,308,0.11578947368421053,0.012357321713115021,0.39372968983077317,0.05102102851051651,29.7
NAME_EDUCATION_TYPE,3,Secondary / secondary special,152954,13754,0.08992246034755548,0.7105645809427801,0.11069242139478969,0.05102102851051651,35.0
NAME_EDUCATION_TYPE,4,__other__,116,3,0.02586206896551724,0.000538890721323813,-1.0537981504812242,0.05102102851051651,57.1
NAME_EDUCATION_TYPE,5,missing,0,0,0.0,0.0,2.425241717944865,0.05102102851051651,-8.7
PHONE_CHANGE_YEARS,0,"(-inf, 0.9938]",64533,6176,0.09570297367238467,0.2997951286137036,0.17922324943670737,0.0459597978766704,36.4
PHONE_CHANGE_YEARS,1,"(0.9938, 1.766]",32251,3029,0.09391956838547642,0.14982555735701975,0.15851799552215226,0.0459597978766704,36.5
PHONE_CHANGE_YEARS,2,"(1.766, 2.067]",10769,1007,0.09350914662457052,0.0500285704994495,0.1539828662919304,0.0459597978766704,36.5
PHONE_CHANGE_YEARS,3,"(2.067, 2.434]",10781,926,0.08589184676746127,0.05008431781544851,0.060688458377464345,0.0459597978766704,36.9
PHONE_CHANGE_YEARS,4,"(2.434, 2.897]",10768,898,0.08339524517087667,0.05002392488978291,0.028480283136924942,0.0459597978766704,37.0
PHONE_CHANGE_YEARS,5,"(2.897, 3.357]",10779,800,0.07421838760552928,0.05007502659611534,-0.09799236879424864,0.0459597978766704,37.6
PHONE_CHANGE_YEARS,6,"(3.357, 3.899]",10783,748,0.06936845033849579,0.05009360903478168,-0.17075351512083067,0.0459597978766704,37.9
PHONE_CHANGE_YEARS,7,"(3.899, 4.709]",21497,1394,0.06484625761734196,0.09986667100256902,-0.24329863455506728,0.0459597978766704,38.2
PHONE_CHANGE_YEARS,8,"(4.709, 5.166]",10784,678,0.06287091988130564,0.05009825464444827,-0.2759902142930949,0.0459597978766704,38.3
PHONE_CHANGE_YEARS,9,"(5.166, 5.908]",10774,666,0.06181548171524039,0.05005179854778242,-0.29403242681658426,0.0459597978766704,38.4
PHONE_CHANGE_YEARS,10,"(5.908, 6.902]",10772,596,0.05532862978091348,0.05004250732844925,-0.411697811435929,0.0459597978766704,38.9
PHONE_CHANGE_YEARS,11,"(6.902, inf]",10765,573,0.05322805387830933,0.050009988060783155,-0.4525901315049492,0.0459597978766704,39.1
PHONE_CHANGE_YEARS,12,missing,1,0,0.0,4.645609666584594e-06,1.3264470779509243,0.0459597978766704,31.4
ID_PUBLISH_YEARS,0,"(-inf, 1.024]",10752,1150,0.10695684523809523,0.049949595135117555,0.3031543774596376,0.04119323728282503,34.2
ID_PUBLISH_YEARS,1,"(1.024, 1.993]",10757,1082,0.10058566514827554,0.049972823183450484,0.23465749193171978,0.04119323728282503,34.9
ID_PUBLISH_YEARS,2,"(1.993, 2.872]",10776,1077,0.09994432071269488,0.05006108976711559,0.22755043341101902,0.04119323728282503,34.9
ID_PUBLISH_YEARS,3,"(2.872, 3.762]",10762,1049,0.09747258873815276,0.049996051231783405,0.19977841798612928,0.04119323728282503,35.2
ID_PUBLISH_YEARS,4,"(3.762, 4.695]",10736,1040,0.09687034277198212,0.049875265380452206,0.19291759940167055,0.04119323728282503,35.3
ID_PUBLISH_YEARS,5,"(4.695, 5.582]",10765,982,0.09122155132373433,0.050009988060783155,0.1266289997295398,0.04119323728282503,35.9
ID_PUBLISH_YEARS,6,"(5.582, 7.272]",21553,1949,0.09042824664779844,0.10012682514389776,0.11679502592375786,0.04119323728282503,36.0
ID_PUBLISH_YEARS,7,"(7.272, 8.09]",10751,924,0.08594549344247047,0.04994494952545097,0.0612944217354411,0.04119323728282503,36.6
ID_PUBLISH_YEARS,8,"(8.09, 8.912]",10743,870,0.0809829656520525,0.0499077846481183,-0.003560692084843736,0.04119323728282503,37.2
ID_PUBLISH_YEARS,9,"(8.912, 11.09]",32322,2568,0.07945052905142008,0.15015539564334726,-0.02467708192766144,0.04119323728282503,37.4
ID_PUBLISH_YEARS,10,"(11.09, 11.43]",10731,787,0.07333892461094027,0.04985203733211928,-0.1109303145992361,0.04119323728282503,38.2
ID_PUBLISH_YEARS,11,"(11.43, 11.77]",10791,724,0.06709294782689278,0.05013077391211436,-0.20660470276059528,0.04119323728282503,39.1
ID_PUBLISH_YEARS,12,"(11.77, 12.13]",10683,680,0.0636525320602827,0.04962904806812322,-0.26288126044467297,0.04119323728282503,39.7
ID_PUBLISH_YEARS,13,"(12.13, 12.51]",10837,664,0.06127156962258928,0.05034447195677725,-0.3035254729383807,0.04119323728282503,40.1
ID_PUBLISH_YEARS,14,"(12.51, inf]",32298,1945,0.0602204470865069,0.15004390101134923,-0.32241159046183404,0.04119323728282503,40.3
ID_PUBLISH_YEARS,15,missing,0,0,0.0,0.0,2.424981228204277,0.04119323728282503,13.7
CREDIT_TERM,0,"(-inf, 0.02895]",10761,578,0.053712480252764615,0.04999140562211682,-0.4428177244002045,0.04039716554764673,45.2
CREDIT_TERM,1,"(0.02895, 0.03226]",21521,1304,0.060591979926583335,0.09997816563456705,-0.31546096901731857,0.04039716554764673,42.9
CREDIT_TERM,2,"(0.03226, 0.04538]",53815,3611,0.06710025085942581,0.25000348420724994,-0.20671369422975322,0.04039716554764673,40.9
CREDIT_TERM,3,"(0.04538, inf]",129151,11998,0.09289900968633615,0.599985134049067,0.14656437261614655,0.04039716554764673,34.5
CREDIT_TERM,4,missing,9,0,0.0,4.181048699926135e-05,-0.5191712077905647,0.04039716554764673,46.6
CODE_GENDER,0,F,141564,9991,0.0705758526178972,0.6576510868403815,-0.15253707367621377,0.03766800008021649,39.6
CODE_GENDER,1,M,73689,7500,0.1017790986443024,0.34233033072095215,0.24774167051311569,0.03766800008021649,33.2
CODE_GENDER,2,__other__,4,0,0.0,1.8582438666338377e-05,0.22806924828120803,0.03766800008021649,33.5
CODE_GENDER,3,missing,0,0,0.0,0.0,2.4252938256174277,0.03766800008021649,-1.5
AMT_CREDIT,0,"(-inf, 6.75e+05]",136478,12209,0.08945764152464133,0.6340235160761323,0.10500346087546748,0.034531382968758476,38.0
AMT_CREDIT,1,"(6.75e+05, 9e+05]",33065,2546,0.07699984878270075,0.15360708362561962,-0.05840423829480193,0.034531382968758476,36.6
AMT_CREDIT,2,"(9e+05, 1.134e+06]",24187,1605,0.06635796088808038,0.11236336100568158,-0.2184983175495646,0.034531382968758476,35.3
AMT_CREDIT,3,"(1.134e+06, 1.35e+06]",10005,641,0.06406796601699151,0.046479324714178864,-0.2556303211693522,0.034531382968758476,35.0
AMT_CREDIT,4,"(1.35e+06, inf]",11522,490,0.0425273390036452,0.053526714578387695,-0.6879337441934192,0.034531382968758476,31.3
AMT_CREDIT,5,missing,0,0,0.0,0.0,2.425241717944865,0.034531382968758476,57.6
REGION_POPULATION_RELATIVE,0,"(-inf, 0.00496]",8643,870,0.10065949323151684,0.04015200434829065,0.23575552933306457,0.02991100936849965,34.9
REGION_POPULATION_RELATIVE,1,"(0.00496, 0.008866]",34403,3042,0.08842252129174781,0.1598229093595098,0.09226208242319717,0.02991100936849965,36.3
REGION_POPULATION_RELATIVE,2,"(0.008866, 0.02461]",95557,8292,0.08677543246439298,0.4439205229098241,0.07155985861931977,0.02991100936849965,36.5
REGION_POPULATION_RELATIVE,3,"(0.02461, 0.03076]",28815,2259,0.07839666840187402,0.13386324254263507,-0.03896742643261968,0.02991100936849965,37.5
REGION_POPULATION_RELATIVE,4,"(0.03076, 0.03133]",8543,661,0.07737328807210582,0.03968744338163219,-0.05272684534958922,0.02991100936849965,37.6
REGION_POPULATION_RELATIVE,5,"(0.03133, 0.03579]",12529,870,0.06943890174794477,0.05820484351263838,-0.16964525561552404,0.02991100936849965,38.7
REGION_POPULATION_RELATIVE,6,"(0.03579, 0.04622]",11484,794,0.06913967258794845,0.05335018141105748,-0.17423422711864828,0.02991100936849965,38.8
REGION_POPULATION_RELATIVE,7,"(0.04622, inf]",15283,703,0.045998822220768176,0.07099885253441235,-0.6062088594583908,0.02991100936849965,42.8
REGION_POPULATION_RELATIVE,8,missing,0,0,0.0,0.0,2.425163562514616,0.02991100936849965,14.6
NAME_FAMILY_STATUS,0,Civil marriage,20775,2091,0.10064981949458483,0.09651254082329494,0.23540287407775862,0.022152085154934092,35.3
NAME_FAMILY_STATUS,1,Married,137720,10469,0.07601655532965437,0.6397933632820303,-0.07248350960582606,0.022152085154934092,37.7
NAME_FAMILY_STATUS,2,Separated,13830,1130,0.08170643528561099,0.06424878168886494,0.006234315291932622,0.022152085154934092,37.1
NAME_FAMILY_STATUS,3,Single / not married,31687,3138,0.0990311484204879,0.14720543350506604,0.21732122128598777,0.022152085154934092,35.5
NAME_FAMILY_STATUS,4,Widow,11243,663,0.05897002579382727,0.05223058948141059,-0.34402344417821423,0.022152085154934092,39.8
NAME_FAMILY_STATUS,5,__other__,2,0,0.0,9.291219333169189e-06,0.8157777528902495,0.022152085154934092,30.9
NAME_FAMILY_STATUS,6,missing,0,0,0.0,0.0,2.42521566532435,0.022152085154934092,18.7
